{
  "results": [
    {
      "command": "./zig-out/bin/var_benchmark",
      "mean": 0.00023162578000000003,
      "stddev": 0.00007766320487420884,
      "median": 0.00023091978000000003,
      "user": 0.00024886000000000005,
      "system": 0.000154552,
      "min": 0.00013627878,
      "max": 0.0003884477800000001,
      "times": [
        0.0003884477800000001,
        0.00021537578,
        0.0002737737800000001,
        0.00025078078000000006,
        0.00013781178000000008,
        0.00013627878,
        0.00023048378,
        0.00023135578000000006,
        0.00029426178,
        0.00015768778000000002
      ],
      "exit_codes": [
        0,
        0,
        0,
        0,
        0,
        0,
        0,
        0,
        0,
        0
      ]
    }
  ]
}
