{
  "results": [
    {
      "command": "zig build run",
      "mean": 0.09339661544000001,
      "stddev": 0.000780776330633072,
      "median": 0.09321110224000001,
      "user": 0.06150891999999999,
      "system": 0.03454794,
      "min": 0.09224723124,
      "max": 0.09466992324000001,
      "times": [
        0.09453660524,
        0.09466992324000001,
        0.09343320024,
        0.09224723124,
        0.09385512624,
        0.09298821124000001,
        0.09359976124000001,
        0.09279244824,
        0.09285464324,
        0.09298900424
      ],
      "exit_codes": [
        0,
        0,
        0,
        0,
        0,
        0,
        0,
        0,
        0,
        0
      ]
    }
  ]
}
