{
  "results": [
    {
      "command": "./zig-out/bin/var_benchmark",
      "mean": 0.00020206889999999984,
      "stddev": 0.000059025558336104616,
      "median": 0.00021177489999999984,
      "user": 0.00023301199999999997,
      "system": 0.000149356,
      "min": 0.0001275228999999998,
      "max": 0.0003064458999999998,
      "times": [
        0.0003064458999999998,
        0.00015107689999999986,
        0.00022764989999999978,
        0.00015271089999999979,
        0.00024270689999999985,
        0.00022733889999999987,
        0.0001363098999999998,
        0.0001962108999999998,
        0.0002527158999999998,
        0.0001275228999999998
      ],
      "exit_codes": [
        0,
        0,
        0,
        0,
        0,
        0,
        0,
        0,
        0,
        0
      ]
    }
  ]
}
