{
  "results": [
    {
      "command": "./zig-out/bin/var_benchmark",
      "mean": 0.15309361842000002,
      "stddev": 0.00046641084371356603,
      "median": 0.15310788532000003,
      "user": 0.15241255999999997,
      "system": 0.0006382800000000001,
      "min": 0.15244697982000002,
      "max": 0.15364156282000002,
      "times": [
        0.15287491682,
        0.15340159582000001,
        0.15362184682000002,
        0.15244697982000002,
        0.15334085382,
        0.15364156282000002,
        0.15264270482,
        0.15274160882,
        0.15357504882,
        0.15264906582
      ],
      "exit_codes": [
        0,
        0,
        0,
        0,
        0,
        0,
        0,
        0,
        0,
        0
      ]
    }
  ]
}
