{
  "results": [
    {
      "command": "./zig-out/bin/var_multicore_benchmark",
      "mean": 0.5910497181200001,
      "stddev": 0.0036490080112901637,
      "median": 0.59074839792,
      "user": 0.19679238,
      "system": 0.39406157999999997,
      "min": 0.58566153392,
      "max": 0.59585069192,
      "times": [
        0.58630388492,
        0.59546980492,
        0.58566153392,
        0.59252381192,
        0.59585069192,
        0.58969595692,
        0.59493618492,
        0.59043420492,
        0.59106259092,
        0.58855851592
      ],
      "exit_codes": [
        0,
        0,
        0,
        0,
        0,
        0,
        0,
        0,
        0,
        0
      ]
    }
  ]
}
