{
  "results": [
    {
      "command": "zig build run",
      "mean": 0.10288955292000002,
      "stddev": 0.002353994520630953,
      "median": 0.10233834452,
      "user": 0.06208267999999999,
      "system": 0.0410125,
      "min": 0.09946345802,
      "max": 0.10653549702000001,
      "times": [
        0.10645366402,
        0.10473226202000001,
        0.10653549702000001,
        0.10182443802,
        0.10185379302,
        0.10048389902,
        0.10260263402,
        0.10287182902,
        0.09946345802,
        0.10207405502
      ],
      "exit_codes": [
        0,
        0,
        0,
        0,
        0,
        0,
        0,
        0,
        0,
        0
      ]
    }
  ]
}
