{
  "results": [
    {
      "command": "./zig-out/bin/var_benchmark",
      "mean": 4.29589083478,
      "stddev": 0.02681677899294711,
      "median": 4.311855985679999,
      "user": 4.2947533,
      "system": 0.00075902,
      "min": 4.25574542468,
      "max": 4.32776484468,
      "times": [
        4.25574542468,
        4.31610298468,
        4.26186671368,
        4.31084015368,
        4.27631634568,
        4.31287181768,
        4.31360558368,
        4.26911817068,
        4.32776484468,
        4.31467630868
      ],
      "exit_codes": [
        0,
        0,
        0,
        0,
        0,
        0,
        0,
        0,
        0,
        0
      ]
    }
  ]
}
